code,pop_2013,pop_2018,evol_pop_pct
QP001001,6056.0,6490.0,7.166446499339507
QP001002,1830.0,1926.0,5.245901639344264
QP001003,1807.0,1620.0,-10.3486441615938
QP001004,1378.0,1173.0,-14.876632801161104
QP001005,1677.0,1568.0,-6.499701848539052
QP001006,4467.0,4876.0,9.156033131855823
QP001007,1034.0,1064.0,2.9013539651837617
QP001008,1012.0,927.0,-8.399209486166004
QP001009,1092.0,1033.0,-5.402930402930406
QP002001,6059.0,6034.0,-0.41260934147548944
QP002002,2763.0,2427.0,-12.160694896851254
QP002003,1705.0,1511.0,-11.378299120234603
QP002004,1750.0,1751.0,0.05714285714286671
QP002005,1606.0,1314.0,-18.181818181818176
QP002006,994.0,958.0,-3.621730382293764
QP002007,1311.0,1218.0,-7.093821510297483
QP002008,1315.0,1186.0,-9.809885931558938
QP002009,1823.0,1852.0,1.5907844212835975
QP002010,1376.0,1461.0,6.177325581395343
QP002011,4396.0,4136.0,-5.914467697907188
QP002012,2275.0,2081.0,-8.527472527472524
QP002013,5519.0,5766.0,4.475448450806296
QP002014,1035.0,1238.0,19.61352657004831
QP002015,1318.0,1080.0,-18.05766312594841
QP002016,1168.0,1085.0,-7.106164383561642
QP002017,1769.0,1969.0,11.305822498586782
QP003001,3887.0,3706.0,-4.65654746591202
QP003002,1681.0,1706.0,1.487209994051164
QP003003,3414.0,3607.0,5.653192735793788
QP003004,2841.0,2648.0,-6.793382611756426
QP003005,1234.0,1174.0,-4.862236628849271
QP003006,1323.0,621.0,-53.06122448979591
QP004001,2100.0,2350.0,11.904761904761907
QP004002,3427.0,2825.0,-17.566384592938434
QP004003,2062.0,1894.0,-8.147429679922402
QP005001,1441.0,1316.0,-8.67453157529493
QP006001,1328.0,1081.0,-18.599397590361445
QP006002,3347.0,3501.0,4.60113534508515
QP006003,4029.0,4743.0,17.721518987341778
QP006004,2009.0,2054.0,2.2399203583872485
QP006005,6984.0,6806.0,-2.5486827033218806
QP006006,1407.0,1326.0,-5.756929637526653
QP006007,1555.0,1610.0,3.536977491961424
QP006008,2001.0,2132.0,6.5467266366816546
QP006009,1008.0,1019.0,1.0912698412698374
QP006010,7795.0,7325.0,-6.029506093649772
QP006011,1281.0,864.0,-32.55269320843092
QP006012,3859.0,3441.0,-10.831821715470324
QP006013,11919.0,12919.0,8.389965601141025
QP006014,10217.0,11800.0,15.493784868356663
QP006015,1731.0,1608.0,-7.105719237435004
QP006016,1958.0,1573.0,-19.66292134831461
QP007001,1776.0,2081.0,17.17342342342343
QP007002,1178.0,1126.0,-4.414261460101865
QP007003,1124.0,1206.0,7.295373665480431
QP007004,1822.0,2019.0,10.812294182217341
QP007005,1249.0,1210.0,-3.122497998398721
QP008001,2450.0,2313.0,-5.591836734693878
QP008002,7463.0,6169.0,-17.338871767385765
QP008003,2020.0,1991.0,-1.435643564356437
QP008004,1840.0,1988.0,8.043478260869573
QP008005,1247.0,1129.0,-9.462710505212513
QP008006,1113.0,1049.0,-5.750224618149147
QP008007,5027.0,4243.0,-15.595782773025658
QP008008,1287.0,1259.0,-2.175602175602176
QP009001,1177.0,1203.0,2.2090059473236945
QP009002,1236.0,1151.0,-6.877022653721687
QP009003,4291.0,3853.0,-10.207410859939403
QP010001,1430.0,1238.0,-13.42657342657343
QP010002,2951.0,2810.0,-4.7780413419179935
QP010003,7736.0,7289.0,-5.778179937952432
QP010004,1684.0,1410.0,-16.270783847980997
QP010005,1461.0,1571.0,7.5290896646132754
QP010006,4020.0,4147.0,3.159203980099501
QP010007,1695.0,1808.0,6.666666666666665
QP010008,1387.0,1512.0,9.012256669069929
QP010009,1189.0,1218.0,2.4390243902439046
QP010010,1668.0,1567.0,-6.055155875299755
QP011001,2050.0,2001.0,-2.3902439024390265
QP011002,2060.0,2525.0,22.572815533980584
QP011003,1862.0,1757.0,-5.6390977443609
QP011004,3775.0,3873.0,2.5960264900662278
QP011005,1050.0,1159.0,10.38095238095238
QP011006,1084.0,949.0,-12.45387453874539
QP011007,4031.0,3434.0,-14.81022078888613
QP011008,4661.0,5241.0,12.443681613387692
QP011009,1692.0,1736.0,2.6004728132387633
QP011010,2993.0,3059.0,2.2051453391246145
QP012001,1540.0,1535.0,-0.32467532467532756
QP012002,2091.0,1955.0,-6.504065040650408
QP013001,945.0,930.0,-1.5873015873015928
QP013002,1080.0,1056.0,-2.2222222222222254
QP013003,2019.0,1904.0,-5.695889053987124
QP013004,1226.0,1224.0,-0.16313213703099683
QP013005,2887.0,3044.0,5.438171111880852
QP013006,1029.0,1009.0,-1.9436345966958202
QP013007,1403.0,1419.0,1.1404133998574428
QP013008,960.0,883.0,-8.020833333333332
QP013009,2043.0,1810.0,-11.40479686735193
QP013010,2438.0,2104.0,-13.69975389663659
QP013011,4171.0,4102.0,-1.6542795492687556
QP013012,2545.0,2248.0,-11.669941060903732
QP013013,3733.0,4509.0,20.78757031877847
QP013014,6900.0,6019.0,-12.76811594202899
QP013015,1312.0,1146.0,-12.652439024390238
QP013016,4642.0,4232.0,-8.832399827660486
QP013017,1173.0,1041.0,-11.253196930946297
QP013018,6505.0,6341.0,-2.5211375864719443
QP013019,1162.0,1144.0,-1.5490533562822706
QP013020,2207.0,2269.0,2.809243316719523
QP013021,1430.0,1420.0,-0.6993006993006978
QP013022,1875.0,1807.0,-3.626666666666667
QP013023,1798.0,1809.0,0.6117908787541815
QP013024,2353.0,2359.0,0.2549936251593721
QP013025,4008.0,3633.0,-9.3562874251497
QP013026,1081.0,995.0,-7.955596669750231
QP013027,1087.0,1012.0,-6.899724011039554
QP013028,1961.0,2006.0,2.294747577766443
QP013029,3648.0,3455.0,-5.290570175438591
QP013030,1567.0,1669.0,6.509253350350996
QP013031,6094.0,5647.0,-7.3350836888743
QP013032,97048.0,104302.0,7.474651718737113
QP013033,1889.0,1838.0,-2.6998411858126015
QP013034,2110.0,2254.0,6.824644549763037
QP013035,1418.0,1466.0,3.3850493653032387
QP013036,1041.0,1399.0,34.39000960614793
QP013037,1528.0,1500.0,-1.832460732984298
QP013038,5932.0,5538.0,-6.641942009440327
QP013039,2016.0,1814.0,-10.019841269841267
QP013040,2732.0,2460.0,-9.956076134699854
QP013041,1093.0,1251.0,14.455626715462033
QP013042,10439.0,9843.0,-5.709359134016667
QP013043,2122.0,2153.0,1.4608859566446641
QP013044,8777.0,9333.0,6.334738521134775
QP013045,1428.0,1589.0,11.274509803921573
QP013046,1256.0,1289.0,2.6273885350318382
QP013047,882.0,843.0,-4.4217687074829986
QP013048,3123.0,2669.0,-14.537303874479669
QP013049,24803.0,23286.0,-6.1161956214974005
QP013050,3556.0,3409.0,-4.133858267716539
QP013051,10040.0,9109.0,-9.27290836653386
QP013052,4456.0,4531.0,1.6831238779174251
QP013053,4692.0,5444.0,16.027280477408357
QP013054,1660.0,1886.0,13.61445783132531
QP013055,8191.0,7648.0,-6.629227200586008
QP013056,2602.0,944.0,-63.72021521906226
QP013057,2262.0,2342.0,3.536693191865603
QP013058,14231.0,12476.0,-12.332232450284586
QP013059,1814.0,1876.0,3.4178610804851184
QP013060,1788.0,1562.0,-12.639821029082777
QP013061,3048.0,2894.0,-5.052493438320205
QP013062,1623.0,1734.0,6.839186691312382
QP013063,5769.0,5451.0,-5.512220488819553
QP013064,1982.0,2264.0,14.228052472250251
QP013065,1758.0,1611.0,-8.361774744027306
QP014001,4125.0,4383.0,6.254545454545446
QP014002,3908.0,4099.0,4.887410440122819
QP014003,4138.0,4429.0,7.032382793620107
QP014004,2159.0,1877.0,-13.06160259379342
QP014005,1532.0,1451.0,-5.287206266318534
QP014006,1330.0,1356.0,1.9548872180451093
QP014007,8624.0,9495.0,10.099721706864573
QP014008,1343.0,922.0,-31.347728965003718
QP014009,3522.0,3422.0,-2.8392958546280544
QP015001,1218.0,1016.0,-16.58456486042693
QP016001,3539.0,3171.0,-10.398417632099466
QP016002,1923.0,1978.0,2.860114404576186
QP016003,2543.0,2295.0,-9.752261108926463
QP016004,1291.0,1320.0,2.2463206816421444
QP016005,3286.0,3863.0,17.559342665855148
QP016006,1898.0,1850.0,-2.5289778714436273
QP017001,6123.0,5708.0,-6.777723338232889
QP017002,5642.0,4801.0,-14.906061680255235
QP017003,2087.0,2168.0,3.8811691423095374
QP017004,2362.0,2345.0,-0.7197290431837478
QP017005,1106.0,995.0,-10.036166365280286
QP017006,1207.0,1213.0,0.4971002485501197
QP017007,1606.0,1562.0,-2.73972602739726
QP018001,9503.0,8420.0,-11.396401136483213
QP018002,2465.0,2536.0,2.8803245436105573
QP018003,1578.0,1361.0,-13.751584283903673
QP018004,4581.0,4005.0,-12.573673870333991
QP019001,1144.0,1450.0,26.74825174825175
QP019002,2912.0,2668.0,-8.379120879120883
QP019003,1714.0,1652.0,-3.617269544924151
QP021001,1665.0,1477.0,-11.291291291291294
QP021002,4887.0,5037.0,3.0693677102516803
QP021003,7466.0,6952.0,-6.88454326279132
QP021004,4333.0,4180.0,-3.5310408492960965
QP021005,1192.0,1134.0,-4.865771812080533
QP021006,2576.0,3219.0,24.961180124223592
QP022001,993.0,937.0,-5.6394763343403875
QP022002,932.0,995.0,6.759656652360513
QP022003,998.0,799.0,-19.93987975951904
QP022004,1632.0,1767.0,8.272058823529417
QP022005,4128.0,4241.0,2.737403100775193
QP022006,1183.0,990.0,-16.314454775993237
QP022007,1208.0,1086.0,-10.099337748344372
QP023001,1892.0,2004.0,5.919661733615222
QP024001,1775.0,1528.0,-13.915492957746478
QP024002,2655.0,2470.0,-6.9679849340866244
QP024003,1133.0,1108.0,-2.206531332744921
QP024004,1192.0,1055.0,-11.493288590604022
QP024005,1474.0,1474.0,0.0
QP025001,996.0,1142.0,14.658634538152615
QP025002,1137.0,360.0,-68.33773087071239
QP025003,2938.0,3126.0,6.398910823689574
QP025004,15286.0,15378.0,0.6018579091979559
QP025005,1919.0,1674.0,-12.767066180302244
QP025006,1600.0,1428.0,-10.750000000000004
QP025007,1840.0,1732.0,-5.869565217391304
QP025008,2907.0,2575.0,-11.420708634330923
QP025009,1191.0,1222.0,2.602854743912686
QP025010,2186.0,2166.0,-0.9149130832570851
QP025011,7413.0,7069.0,-4.64049642519897
QP025012,1630.0,1412.0,-13.374233128834357
QP025013,2270.0,2587.0,13.964757709251096
QP026001,2314.0,1906.0,-17.631806395851335
QP026002,2404.0,2450.0,1.9134775374376023
QP026003,1531.0,1584.0,3.4617896799477466
QP026004,2718.0,3051.0,12.25165562913908
QP026005,3797.0,3072.0,-19.094021595996836
QP026006,2189.0,2042.0,-6.715395157606208
QP026007,8439.0,8262.0,-2.09740490579452
QP026008,1534.0,1289.0,-15.97131681877445
QP026009,1195.0,1263.0,5.690376569037658
QP026010,3237.0,2818.0,-12.944084028421376
QP026011,1628.0,1499.0,-7.923832923832919
QP026012,926.0,994.0,7.343412526997839
QP027001,3587.0,3095.0,-13.716197379425699
QP027002,988.0,851.0,-13.866396761133604
QP027003,10501.0,9449.0,-10.018093514903349
QP027004,2356.0,2151.0,-8.701188455008491
QP027005,1403.0,1204.0,-14.18389166072701
QP027006,1049.0,1269.0,20.972354623450904
QP027007,1362.0,1491.0,9.471365638766516
QP027008,7168.0,7003.0,-2.30189732142857
QP027009,1359.0,1344.0,-1.103752759381893
QP027010,1402.0,1313.0,-6.348074179743223
QP027011,1297.0,1349.0,4.009252120277562
QP028001,1078.0,1088.0,0.927643784786647
QP028002,2553.0,2118.0,-17.03877790834313
QP028003,1934.0,1880.0,-2.792140641158225
QP028004,2168.0,2095.0,-3.367158671586712
QP028005,2310.0,2342.0,1.3852813852813783
QP028006,4927.0,4584.0,-6.961639943170283
QP028007,1289.0,981.0,-23.894491854150502
QP028008,6485.0,6215.0,-4.1634541249036205
QP028009,2728.0,2904.0,6.451612903225801
QP028010,1628.0,1153.0,-29.176904176904173
QP029001,1229.0,1096.0,-10.821806346623275
QP029002,3792.0,3480.0,-8.227848101265822
QP029003,1205.0,1240.0,2.9045643153526868
QP029004,7357.0,7120.0,-3.2214217751801
QP029005,2040.0,2008.0,-1.5686274509803977
QP029006,1168.0,1210.0,3.595890410958913
QP029007,2408.0,2702.0,12.209302325581394
QP029008,1930.0,1652.0,-14.404145077720209
QP029009,1444.0,1214.0,-15.927977839335183
QP02A001,1012.0,797.0,-21.245059288537547
QP02A002,1808.0,1927.0,6.581858407079655
QP02A003,1025.0,950.0,-7.317073170731703
QP02B001,7310.0,8144.0,11.409028727770188
QP02B002,3122.0,3344.0,7.110826393337599
QP030001,14621.0,14036.0,-4.0010943163942265
QP030002,1134.0,984.0,-13.227513227513231
QP030003,15597.0,16389.0,5.077899596076163
QP030004,6862.0,6837.0,-0.364325269600696
QP030005,7264.0,7159.0,-1.4454845814978023
QP030006,3014.0,3167.0,5.076310550763097
QP030007,1722.0,1866.0,8.362369337979093
QP030008,3374.0,3395.0,0.6224066390041472
QP030009,3272.0,3280.0,0.24449877750611915
QP030010,4006.0,3463.0,-13.554667998003001
QP030011,1353.0,1277.0,-5.617147080561713
QP030012,1941.0,1586.0,-18.289541473467285
QP030013,4374.0,4763.0,8.893461362597165
QP030014,1234.0,1133.0,-8.184764991896277
QP030015,2734.0,2522.0,-7.754206291148503
QP030016,2421.0,2422.0,0.04130524576622108
QP030017,1012.0,806.0,-20.35573122529645
QP030018,1261.0,1293.0,2.5376685170499513
QP031001,2938.0,3183.0,8.339006126616756
QP031002,1948.0,1867.0,-4.158110882956878
QP031003,1357.0,1530.0,12.74871039056742
QP031004,1613.0,1810.0,12.21326720396776
QP031005,3011.0,2906.0,-3.4872135503155044
QP031006,1962.0,2018.0,2.854230377166167
QP031007,31691.0,32291.0,1.8932820043545462
QP031008,2127.0,2083.0,-2.0686412787964237
QP031009,1169.0,1381.0,18.135158254918736
QP031010,5502.0,5955.0,8.233369683751368
QP031011,2747.0,3440.0,25.227520931925728
QP031012,1549.0,1504.0,-2.905100064557775
QP031013,1288.0,1400.0,8.695652173913038
QP031014,2021.0,2062.0,2.028698664027706
QP031015,3311.0,2295.0,-30.68559347629115
QP031016,1168.0,1246.0,6.678082191780832
QP031017,1059.0,1007.0,-4.910292728989618
QP031018,1014.0,1054.0,3.9447731755424043
QP031019,1162.0,1036.0,-10.843373493975905
QP032001,1939.0,2358.0,21.609076843733877
QP033001,1111.0,1141.0,2.7002700270027047
QP033002,1543.0,1392.0,-9.78613091380428
QP033003,1250.0,1415.0,13.199999999999989
QP033004,2206.0,2438.0,10.516772438803269
QP033005,1148.0,1108.0,-3.484320557491294
QP033006,1892.0,2249.0,18.868921775898517
QP033007,3634.0,3565.0,-1.898734177215189
QP033008,11637.0,11547.0,-0.7733952049497339
QP033009,3208.0,3370.0,5.049875311720697
QP033010,4246.0,4278.0,0.7536504945831357
QP033011,1543.0,1584.0,2.657161373946848
QP033012,10228.0,10522.0,2.8744622604614856
QP033013,1936.0,1851.0,-4.390495867768596
QP033014,2640.0,2977.0,12.76515151515152
QP033015,957.0,1000.0,4.493207941483801
QP033016,3201.0,3245.0,1.3745704467353903
QP033017,3590.0,3771.0,5.041782729805022
QP033018,3940.0,3813.0,-3.2233502538071113
QP033019,1108.0,1003.0,-9.476534296028882
QP033020,2998.0,3338.0,11.340893929286189
QP033021,3120.0,3562.0,14.16666666666666
QP033022,3143.0,2999.0,-4.581609926821506
QP033023,1008.0,1105.0,9.623015873015884
QP034001,19054.0,19472.0,2.1937650886952875
QP034002,2832.0,3124.0,10.310734463276837
QP034003,4605.0,3947.0,-14.288816503800216
QP034004,1420.0,1339.0,-5.70422535211268
QP034005,21652.0,21817.0,0.7620543136892755
QP034006,5756.0,5697.0,-1.0250173731758183
QP034007,3245.0,3478.0,7.180277349768871
QP034008,5578.0,6060.0,8.641089996414486
QP034009,1324.0,1264.0,-4.53172205438066
QP034010,3419.0,2923.0,-14.507165837964319
QP034011,1245.0,1193.0,-4.17670682730924
QP034012,4458.0,4700.0,5.4284432480933065
QP034013,1198.0,1165.0,-2.7545909849749584
QP034014,1095.0,1417.0,29.406392694063932
QP034015,2012.0,2147.0,6.709741550695836
QP034016,1231.0,1098.0,-10.80422420796101
QP034017,3794.0,3493.0,-7.933579335793361
QP034018,4340.0,4137.0,-4.677419354838708
QP034019,3177.0,3341.0,5.1621026125275415
QP034020,1955.0,1761.0,-9.923273657289
QP034021,5726.0,6503.0,13.569682151589246
QP034022,3021.0,3018.0,-0.09930486593843213
QP035001,3583.0,3562.0,-0.586101032654196
QP035002,8963.0,8883.0,-0.8925582952136524
QP035003,5061.0,5271.0,4.149377593361003
QP035004,6443.0,6206.0,-3.6784106782554726
QP035005,11281.0,11550.0,2.3845403776260987
QP035006,1275.0,1317.0,3.294117647058825
QP035007,1152.0,766.0,-33.50694444444444
QP036001,1634.0,1669.0,2.141982864137093
QP036002,4877.0,4343.0,-10.949354111133891
QP036003,1597.0,1503.0,-5.886036318096433
QP036004,1484.0,1442.0,-2.8301886792452824
QP037001,1095.0,1039.0,-5.1141552511415505
QP037002,6218.0,6087.0,-2.1067867481505353
QP037003,1932.0,2037.0,5.434782608695654
QP037004,5286.0,5114.0,-3.253878168747637
QP037005,3008.0,2820.0,-6.25
QP037006,1078.0,958.0,-11.131725417439709
QP037007,2546.0,2989.0,17.399842890809115
QP037008,2696.0,2787.0,3.3753709198813153
QP037009,8783.0,7815.0,-11.021291130593191
QP037010,2018.0,2122.0,5.153617443012881
QP037011,1773.0,2027.0,14.326001128031596
QP037012,1629.0,1455.0,-10.68139963167587
QP038001,2785.0,2785.0,0.0
QP038002,940.0,1197.0,27.340425531914892
QP038003,5635.0,5764.0,2.2892635314995635
QP038004,1707.0,1792.0,4.979496192149968
QP038005,2036.0,1892.0,-7.072691552062871
QP038006,2893.0,2186.0,-24.43829934324231
QP038007,12304.0,11708.0,-4.843953185955785
QP038008,6629.0,7003.0,5.641876602805862
QP038009,1507.0,1478.0,-1.9243530192435299
QP038010,1834.0,1711.0,-6.706652126499457
QP038011,2473.0,2432.0,-1.657905378083302
QP038012,1226.0,1066.0,-13.050570962479613
QP038013,2145.0,2025.0,-5.594405594405593
QP038014,2937.0,3045.0,3.6772216547497516
QP038015,2357.0,2554.0,8.358082308018666
QP038016,2061.0,2106.0,2.183406113537112
QP038017,1168.0,1071.0,-8.304794520547942
QP038018,1094.0,1036.0,-5.301645338208405
QP038019,1417.0,1368.0,-3.4580098800282233
QP038020,1083.0,1150.0,6.186518928901208
QP038021,1253.0,1206.0,-3.750997605746209
QP038022,1182.0,1114.0,-5.752961082910324
QP038023,2107.0,2025.0,-3.891789273849078
QP038024,2641.0,2669.0,1.0602044680045442
QP038025,1572.0,1597.0,1.5903307888040619
QP038026,1672.0,1714.0,2.511961722488043
QP039001,2696.0,3025.0,12.20326409495549
QP039002,3580.0,3754.0,4.8603351955307295
QP039003,1322.0,1067.0,-19.28895612708018
QP039004,975.0,772.0,-20.820512820512814
QP040001,1283.0,1223.0,-4.6765393608729555
QP040002,1229.0,1238.0,0.7323026851098424
QP040003,1233.0,1341.0,8.75912408759123
QP040004,2405.0,2787.0,15.883575883575872
QP040005,1381.0,1295.0,-6.227371469949317
QP041001,10703.0,10843.0,1.3080444735120933
QP041002,3202.0,3038.0,-5.121798875702687
QP041003,1348.0,1279.0,-5.118694362017806
QP042001,1257.0,1110.0,-11.694510739856801
QP042002,3168.0,2983.0,-5.839646464646464
QP042003,1259.0,1236.0,-1.8268467037331204
QP042004,1108.0,833.0,-24.819494584837543
QP042005,1450.0,1429.0,-1.4482758620689706
QP042006,2416.0,2187.0,-9.47847682119205
QP042007,1186.0,1255.0,5.817875210792578
QP042008,2111.0,1918.0,-9.142586451918522
QP042009,2942.0,2607.0,-11.38681169272604
QP042010,1156.0,899.0,-22.231833910034602
QP042011,3174.0,3050.0,-3.906742281033393
QP042012,7606.0,7771.0,2.169339994741004
QP042013,7324.0,6294.0,-14.063353358820319
QP042014,5174.0,5067.0,-2.0680324700425246
QP042015,2243.0,1259.0,-43.86981720909496
QP042016,1882.0,1394.0,-25.929861849096703
QP042017,1972.0,1669.0,-15.36511156186613
QP042018,1538.0,1190.0,-22.62678803641093
QP042019,872.0,938.0,7.568807339449535
QP043001,1371.0,1191.0,-13.12910284463895
QP043002,1122.0,1426.0,27.09447415329769
QP044001,6735.0,7072.0,5.003711952487011
QP044002,1008.0,1027.0,1.8849206349206282
QP044003,1109.0,1090.0,-1.7132551848512145
QP044004,1309.0,1325.0,1.2223071046600475
QP044005,16918.0,16290.0,-3.712022697718409
QP044006,5075.0,5375.0,5.9113300492610765
QP044007,3575.0,3917.0,9.566433566433563
QP044008,5166.0,5628.0,8.943089430894302
QP044009,1927.0,1657.0,-14.011416709911783
QP044010,1733.0,1713.0,-1.1540680900173128
QP044011,1275.0,1615.0,26.66666666666666
QP044012,1164.0,1428.0,22.68041237113403
QP044013,3130.0,3486.0,11.373801916932912
QP044014,5207.0,5757.0,10.562704052237383
QP044015,1437.0,1492.0,3.82741823242867
QP044016,1100.0,1089.0,-1.0000000000000009
QP044017,1689.0,1523.0,-9.828300769686205
QP044018,2967.0,2785.0,-6.134142231209971
QP044019,1539.0,1097.0,-28.71994801819363
QP045001,984.0,1040.0,5.691056910569103
QP045002,1193.0,1060.0,-11.14836546521375
QP045003,3913.0,4487.0,14.66905187835421
QP045004,3009.0,3453.0,14.755732801595212
QP045005,1969.0,1732.0,-12.036566785170134
QP045006,1720.0,1687.0,-1.9186046511627919
QP045007,2010.0,1950.0,-2.985074626865669
QP045008,1166.0,1088.0,-6.689536878216118
QP045009,1337.0,1573.0,17.651458489154813
QP045010,11261.0,11284.0,0.20424473847793223
QP045011,7972.0,7471.0,-6.28449573507276
QP045012,1514.0,1452.0,-4.095112285336855
QP045013,1223.0,1243.0,1.6353229762878119
QP045014,2479.0,2291.0,-7.583703106091166
QP045015,1384.0,1391.0,0.5057803468208055
QP045016,1676.0,1360.0,-18.85441527446301
QP045017,1515.0,1430.0,-5.610561056105611
QP045018,1450.0,1438.0,-0.8275862068965467
QP045019,1157.0,1149.0,-0.691443388072599
QP046001,1036.0,1372.0,32.432432432432435
QP047001,1963.0,2158.0,9.933774834437092
QP047002,1860.0,1627.0,-12.526881720430104
QP047003,1482.0,1360.0,-8.232118758434549
QP047004,1118.0,1176.0,5.187835420393561
QP047005,2520.0,2312.0,-8.253968253968258
QP047006,1697.0,1530.0,-9.840895698291096
QP047007,1084.0,1188.0,9.594095940959413
QP049001,6236.0,6013.0,-3.5760102629890933
QP049002,8904.0,9589.0,7.693171608265947
QP049003,1375.0,1079.0,-21.527272727272727
QP049004,2642.0,2517.0,-4.731264193792583
QP049005,7402.0,7212.0,-2.566873817887061
QP049006,1450.0,1236.0,-14.758620689655178
QP049007,2286.0,2587.0,13.167104111986006
QP049008,2169.0,1959.0,-9.681881051175656
QP049009,1510.0,1785.0,18.21192052980132
QP049010,1970.0,2136.0,8.426395939086294
QP049011,1973.0,1966.0,-0.3547896604156109
QP049012,2086.0,2181.0,4.554170661553214
QP049013,3486.0,3591.0,3.0120481927710774
QP050001,1222.0,1162.0,-4.909983633387894
QP050002,1853.0,1928.0,4.04749055585536
QP050003,1601.0,1436.0,-10.30605871330419
QP050004,1467.0,1318.0,-10.156782549420583
QP050005,6672.0,6288.0,-5.755395683453235
QP050006,1754.0,1510.0,-13.91106043329533
QP050007,1429.0,1335.0,-6.57802659202239
QP051001,3622.0,3619.0,-0.0828271673108727
QP051002,3157.0,2829.0,-10.389610389610393
QP051003,11833.0,12005.0,1.453562072171044
QP051004,11836.0,12297.0,3.8948969246366927
QP051005,4789.0,4691.0,-2.0463562330340412
QP051006,2515.0,2540.0,0.994035785288272
QP051007,1191.0,907.0,-23.845507976490342
QP051008,1237.0,1269.0,2.5869037995149613
QP051009,1651.0,1596.0,-3.331314354936399
QP051010,1917.0,1475.0,-23.05685967657799
QP051011,1455.0,1113.0,-23.505154639175263
QP051012,3183.0,3413.0,7.225887527489783
QP052001,1799.0,1756.0,-2.3902167871039492
QP052002,1289.0,1038.0,-19.472459270752516
QP052003,1147.0,1027.0,-10.462074978204006
QP052004,7470.0,6360.0,-14.859437751004013
QP053001,1196.0,1234.0,3.177257525083621
QP053002,2214.0,1952.0,-11.833785004516717
QP053003,3274.0,3170.0,-3.176542455711673
QP054001,979.0,960.0,-1.9407558733401387
QP054002,1412.0,1404.0,-0.5665722379603388
QP054003,1458.0,1344.0,-7.818930041152261
QP054004,1420.0,1348.0,-5.0704225352112715
QP054005,2768.0,3203.0,15.715317919075144
QP054006,1073.0,982.0,-8.48089468779124
QP054007,1161.0,982.0,-15.417743324720067
QP054008,1508.0,1294.0,-14.190981432360738
QP054009,2275.0,2269.0,-0.26373626373625836
QP054010,1038.0,1003.0,-3.3718689788053924
QP054011,1876.0,1679.0,-10.501066098081024
QP054012,1810.0,1813.0,0.16574585635358297
QP054013,2669.0,2708.0,1.4612214312476501
QP054014,3602.0,3541.0,-1.6935036091060507
QP054015,5648.0,5509.0,-2.461048158640222
QP054016,15045.0,15684.0,4.247258225324035
QP054017,2579.0,2339.0,-9.305932531989146
QP054018,1799.0,1427.0,-20.678154530294613
QP055001,2326.0,1980.0,-14.875322441960448
QP055002,1609.0,1389.0,-13.673088875077688
QP055003,2199.0,2082.0,-5.320600272851294
QP056001,1490.0,1435.0,-3.691275167785235
QP056002,1147.0,1017.0,-11.333914559721014
QP056003,1907.0,2231.0,16.990036706869425
QP056004,1767.0,1772.0,0.28296547821164975
QP056005,1654.0,1728.0,4.474002418379697
QP056006,2167.0,2506.0,15.643747115828344
QP056007,1214.0,1304.0,7.413509060955525
QP056008,3439.0,3168.0,-7.880197731898808
QP056009,2850.0,3062.0,7.438596491228067
QP057001,1617.0,1385.0,-14.347557204700056
QP057002,5870.0,5013.0,-14.599659284497445
QP057003,3211.0,3476.0,8.252880722516354
QP057004,1420.0,1382.0,-2.6760563380281654
QP057005,3595.0,3377.0,-6.063977746870652
QP057006,1816.0,1919.0,5.6718061674008835
QP057007,2203.0,1997.0,-9.350885156604626
QP057008,1371.0,1186.0,-13.49380014587892
QP057009,1983.0,1967.0,-0.8068582955118475
QP057010,1129.0,1158.0,2.5686448184233823
QP057011,2482.0,2120.0,-14.585012087026595
QP057012,2675.0,2399.0,-10.317757009345796
QP057013,1224.0,1040.0,-15.032679738562093
QP057014,1474.0,1397.0,-5.223880597014929
QP057015,3457.0,3171.0,-8.273069135088228
QP057016,1078.0,1093.0,1.3914656771799594
QP057017,1546.0,1299.0,-15.976714100905564
QP057018,3019.0,3062.0,1.4243126863199729
QP057019,1258.0,1139.0,-9.459459459459463
QP057020,11013.0,10660.0,-3.205302823935352
QP057021,1408.0,1242.0,-11.78977272727273
QP057022,3337.0,3021.0,-9.469583458195984
QP057023,8782.0,8662.0,-1.3664313368253245
QP057024,830.0,985.0,18.67469879518073
QP058001,2531.0,2226.0,-12.050572896088507
QP058002,2102.0,2112.0,0.4757373929590969
QP058003,1907.0,1637.0,-14.158363922391192
QP058004,1601.0,1189.0,-25.733916302311055
QP058005,1492.0,1163.0,-22.050938337801608
QP059001,1065.0,1035.0,-2.8169014084507005
QP059002,1331.0,1376.0,3.380916604057105
QP059003,1120.0,1349.0,20.446428571428577
QP059004,1857.0,2013.0,8.400646203554118
QP059005,3168.0,2906.0,-8.270202020202023
QP059006,2111.0,1874.0,-11.22690667929891
QP059007,2980.0,2976.0,-0.13422818791946067
QP059008,1794.0,1696.0,-5.462653288740249
QP059009,1837.0,1556.0,-15.29667936853566
QP059010,1083.0,974.0,-10.06463527239151
QP059011,1192.0,1082.0,-9.228187919463082
QP059012,1194.0,1142.0,-4.355108877721947
QP059013,1470.0,1454.0,-1.0884353741496544
QP059014,2911.0,2769.0,-4.878048780487809
QP059015,1349.0,1265.0,-6.226834692364713
QP059016,2064.0,2000.0,-3.100775193798455
QP059017,1507.0,1219.0,-19.11081619110816
QP059018,1141.0,1211.0,6.134969325153383
QP059019,9396.0,8536.0,-9.152830991911454
QP059020,1248.0,1318.0,5.608974358974361
QP059021,10732.0,10744.0,0.1118151323145744
QP059022,2319.0,2170.0,-6.425183268650281
QP059023,2257.0,2166.0,-4.031900753212225
QP059024,1066.0,1051.0,-1.407129455909939
QP059025,1935.0,1713.0,-11.472868217054266
QP059026,1104.0,975.0,-11.684782608695654
QP059027,2679.0,2539.0,-5.225830533781261
QP059028,1822.0,1810.0,-0.658616904500553
QP059029,864.0,837.0,-3.125
QP059030,3189.0,3473.0,8.905613044841655
QP059031,2488.0,2819.0,13.303858520900324
QP059032,1282.0,1273.0,-0.7020280811232404
QP059033,983.0,1190.0,21.057985757884023
QP059034,3654.0,3472.0,-4.980842911877392
QP059035,1227.0,1172.0,-4.482477587612066
QP059036,1387.0,1431.0,3.172314347512617
QP059037,1040.0,1027.0,-1.2499999999999956
QP059038,1385.0,1522.0,9.891696750902534
QP059039,1020.0,1049.0,2.8431372549019507
QP059040,1633.0,1401.0,-14.206981016533982
QP059041,1379.0,1416.0,2.6831036983321344
QP059042,2287.0,2257.0,-1.3117621337997432
QP059043,1683.0,1516.0,-9.922756981580516
QP059044,4566.0,4157.0,-8.957512045554095
QP059045,1626.0,1470.0,-9.594095940959413
QP059046,1539.0,1625.0,5.588044184535423
QP059047,1257.0,1270.0,1.0342084327764622
QP059048,1286.0,1401.0,8.942457231726287
QP059049,929.0,896.0,-3.5522066738428393
QP059050,13195.0,13204.0,0.06820765441455379
QP059051,3451.0,3075.0,-10.895392639814549
QP059052,2448.0,2211.0,-9.681372549019606
QP059053,1232.0,1226.0,-0.48701298701299134
QP059054,1172.0,1284.0,9.55631399317407
QP059055,2781.0,2866.0,3.0564545127651943
QP059056,1292.0,1203.0,-6.888544891640869
QP059057,1477.0,1315.0,-10.968178740690593
QP059058,1126.0,1190.0,5.683836589698044
QP059059,1721.0,1558.0,-9.471237652527599
QP059060,1274.0,1177.0,-7.6138147566719
QP059061,4008.0,4167.0,3.967065868263475
QP059062,5912.0,6076.0,2.7740189445196295
QP059063,4860.0,4374.0,-9.999999999999998
QP059064,8659.0,8497.0,-1.8708857835777803
QP059065,1141.0,727.0,-36.28396143733566
QP059066,5218.0,5731.0,9.831353008815636
QP059067,2983.0,2861.0,-4.08984244049615
QP059068,2483.0,2376.0,-4.30930326218284
QP059069,1786.0,1713.0,-4.087346024636062
QP059070,1244.0,1166.0,-6.270096463022512
QP059071,8042.0,8229.0,2.3252922158667033
QP059072,1166.0,1299.0,11.406518010291599
QP059073,1778.0,1733.0,-2.53093363329584
QP059074,47687.0,47011.0,-1.4175771174533947
QP059075,12711.0,12828.0,0.920462591456217
QP059076,1443.0,1421.0,-1.524601524601521
QP059077,3445.0,3186.0,-7.518142235123371
QP059078,1328.0,1175.0,-11.521084337349397
QP059079,1350.0,1282.0,-5.03703703703704
QP059080,10603.0,9519.0,-10.223521644817502
QP059081,1861.0,1719.0,-7.630306286942501
QP059082,69303.0,71013.0,2.467425652569144
QP059083,2132.0,2256.0,5.816135084427776
QP059084,1608.0,1407.0,-12.5
QP059085,4037.0,4143.0,2.625712162496896
QP059086,4204.0,4523.0,7.588011417697427
QP059087,6836.0,6684.0,-2.2235225277940307
QP059088,1435.0,1480.0,3.1358885017421567
QP059089,4385.0,3976.0,-9.327251995439001
QP059090,5249.0,5404.0,2.952943417793863
QP059091,3310.0,3247.0,-1.9033232628398844
QP060001,19538.0,20396.0,4.391442317535055
QP060002,3719.0,3741.0,0.5915568701263751
QP060003,2349.0,2585.0,10.046828437633026
QP060004,2828.0,2805.0,-0.8132956152758108
QP060005,2137.0,2125.0,-0.5615348619560145
QP060006,2670.0,2645.0,-0.9363295880149836
QP060007,3059.0,3490.0,14.08957175547565
QP060008,3083.0,3271.0,6.097956535841709
QP060009,4753.0,5069.0,6.648432568903839
QP060010,2703.0,2775.0,2.663706992230863
QP060011,8913.0,8784.0,-1.4473241332884523
QP060012,1229.0,1354.0,10.170870626525641
QP060013,3089.0,2794.0,-9.550016186468113
QP060014,1118.0,1212.0,8.407871198568873
QP060015,1285.0,1329.0,3.424124513618687
QP060016,1988.0,1721.0,-13.430583501006033
QP060017,1559.0,1622.0,4.041051956382291
QP060018,1315.0,1157.0,-12.015209125475291
QP061001,1382.0,1471.0,6.439942112879882
QP061002,2626.0,2678.0,1.980198019801982
QP061003,1047.0,788.0,-24.737344794651385
QP061004,1984.0,2180.0,9.879032258064523
QP061005,1233.0,1118.0,-9.326845093268455
QP061006,4245.0,3993.0,-5.936395759717317
QP061007,2113.0,1926.0,-8.849976336961662
QP062001,1088.0,1082.0,-0.5514705882352922
QP062002,1256.0,1515.0,20.621019108280247
QP062003,1588.0,1489.0,-6.234256926952142
QP062004,2413.0,2333.0,-3.315375051802738
QP062005,2365.0,2224.0,-5.961945031712479
QP062006,994.0,919.0,-7.5452716297786715
QP062007,2396.0,2022.0,-15.609348914858101
QP062008,3083.0,3039.0,-1.4271813168991287
QP062009,3347.0,3441.0,2.808485210636391
QP062010,1179.0,1067.0,-9.499575911789648
QP062011,5210.0,5055.0,-2.9750479846449185
QP062012,1889.0,1726.0,-8.628904182106933
QP062013,1496.0,1553.0,3.810160427807485
QP062014,1689.0,1751.0,3.670811130846663
QP062015,1213.0,963.0,-20.610057708161577
QP062016,1332.0,1396.0,4.8048048048048075
QP062017,2727.0,2649.0,-2.8602860286028653
QP062018,1729.0,1590.0,-8.039329091960667
QP062019,4765.0,4414.0,-7.366211962224556
QP062020,2318.0,1878.0,-18.981880931837793
QP062021,1850.0,1684.0,-8.97297297297297
QP062022,3847.0,3517.0,-8.57811281518066
QP062023,2316.0,2067.0,-10.75129533678757
QP062024,2215.0,2158.0,-2.573363431151243
QP062025,4803.0,4246.0,-11.596918592546324
QP062026,1497.0,1516.0,1.2692050768203123
QP062027,1497.0,1365.0,-8.81763527054108
QP062028,7071.0,6792.0,-3.945693678404749
QP062029,4819.0,5029.0,4.357750570657815
QP062030,2275.0,2027.0,-10.901098901098905
QP062031,1232.0,1125.0,-8.685064935064934
QP062032,1610.0,1529.0,-5.0310559006211175
QP062033,4072.0,3908.0,-4.02750491159135
QP062034,1438.0,1309.0,-8.97079276773296
QP062035,2301.0,2288.0,-0.5649717514124242
QP062036,2896.0,3126.0,7.941988950276246
QP062037,1776.0,1694.0,-4.61711711711712
QP062038,1134.0,1026.0,-9.523809523809524
QP062039,1092.0,1185.0,8.516483516483508
QP062040,1670.0,1516.0,-9.221556886227544
QP062041,1936.0,1835.0,-5.216942148760328
QP062042,1049.0,1013.0,-3.4318398474737832
QP062043,1898.0,1869.0,-1.5279241306638602
QP062044,2183.0,1953.0,-10.53595968850206
QP062045,2466.0,2410.0,-2.270884022708841
QP062046,1231.0,1254.0,1.8683996750609166
QP062047,1418.0,1372.0,-3.244005641748937
QP062048,1915.0,1534.0,-19.895561357702352
QP062049,1487.0,1718.0,15.534633490248817
QP062050,1423.0,1299.0,-8.713984539704844
QP062051,8046.0,7454.0,-7.357693263733534
QP062052,1455.0,1424.0,-2.130584192439866
QP062053,1227.0,986.0,-19.641401792991033
QP062054,2584.0,2049.0,-20.70433436532507
QP062055,5477.0,4733.0,-13.58407887529669
QP062056,8555.0,7963.0,-6.919929865575691
QP062057,2693.0,2797.0,3.8618640920905944
QP062058,1849.0,1640.0,-11.303407247160624
QP062059,1207.0,973.0,-19.386909693454847
QP062060,1088.0,937.0,-13.878676470588236
QP062061,7023.0,6750.0,-3.8872276804784334
QP062062,1259.0,1342.0,6.59253375694997
QP062063,1499.0,1389.0,-7.338225483655769
QP062064,2193.0,1993.0,-9.119927040583676
QP063001,1033.0,1174.0,13.649564375605028
QP063002,3413.0,2723.0,-20.216818048637563
QP063003,7596.0,8169.0,7.543443917851511
QP063004,4382.0,4281.0,-2.304883614787767
QP063005,1928.0,2025.0,5.031120331950212
QP063006,1560.0,1551.0,-0.5769230769230749
QP063007,1604.0,1769.0,10.28678304239401
QP064001,1649.0,1661.0,0.727713765918736
QP064002,3803.0,3438.0,-9.59768603733895
QP064003,4102.0,3896.0,-5.021940516821067
QP064004,2057.0,2052.0,-0.2430724355858005
QP065001,1516.0,1585.0,4.551451187335087
QP065002,2357.0,2350.0,-0.2969876962240159
QP065003,3316.0,3236.0,-2.4125452352231624
QP065004,1165.0,866.0,-25.66523605150215
QP066001,1226.0,1130.0,-7.8303425774877695
QP066002,2630.0,3001.0,14.106463878326991
QP066003,3430.0,3689.0,7.551020408163267
QP066004,2828.0,2511.0,-11.209335219236205
QP066005,5101.0,4827.0,-5.3714957851401675
QP066006,1581.0,1485.0,-6.072106261859577
QP066007,2854.0,3133.0,9.77575332866152
QP066008,11358.0,7682.0,-32.36485296707167
QP066009,994.0,947.0,-4.728370221327971
QP066010,1609.0,1833.0,13.921690490988192
QP067001,1464.0,1443.0,-1.434426229508201
QP067002,1251.0,1107.0,-11.51079136690647
QP067003,1426.0,1567.0,9.887798036465645
QP067004,5957.0,6149.0,3.2230988752727896
QP067005,1691.0,1459.0,-13.719692489651091
QP067006,2327.0,2298.0,-1.246239793725823
QP067007,2701.0,2250.0,-16.697519437245468
QP067008,1934.0,1727.0,-10.703205791106518
QP067009,2937.0,3041.0,3.5410282601293863
QP067010,1875.0,2161.0,15.253333333333341
QP067011,12869.0,12772.0,-0.7537493200714951
QP067012,2251.0,2241.0,-0.44424700133274264
QP067013,7991.0,8748.0,9.473157301964719
QP067014,5014.0,4632.0,-7.6186677303550105
QP067015,2949.0,3533.0,19.803323160393347
QP067016,16800.0,17645.0,5.029761904761898
QP067017,4199.0,3667.0,-12.669683257918551
QP067018,2493.0,2250.0,-9.747292418772568
QP067019,1259.0,1320.0,4.845115170770442
QP067020,1461.0,1591.0,8.898015058179332
QP067021,2401.0,2517.0,4.831320283215335
QP068001,1901.0,1489.0,-21.672803787480277
QP068002,10191.0,9776.0,-4.072220586792263
QP068003,8111.0,8117.0,0.07397361607692776
QP068004,4419.0,4084.0,-7.580900656257072
QP068005,34043.0,32402.0,-4.820374232588199
QP068006,4674.0,4290.0,-8.215661103979466
QP068007,1263.0,1299.0,2.8503562945368266
QP068008,1893.0,1799.0,-4.96566296883254
QP068009,1889.0,2242.0,18.68713605082053
QP068010,1139.0,966.0,-15.18876207199298
QP069001,1782.0,1611.0,-9.595959595959592
QP069002,2283.0,2279.0,-0.1752080595707417
QP069003,985.0,964.0,-2.131979695431474
QP069004,3129.0,3153.0,0.7670182166826356
QP069005,810.0,918.0,13.33333333333333
QP069006,1201.0,917.0,-23.646960865945044
QP069007,4066.0,3515.0,-13.551401869158875
QP069008,4923.0,4851.0,-1.4625228519195566
QP069009,1517.0,1393.0,-8.174027686222807
QP069010,4759.0,5216.0,9.602857743223359
QP069011,6686.0,6780.0,1.4059228238109567
QP069012,3285.0,3235.0,-1.5220700152207
QP069013,1336.0,1316.0,-1.4970059880239472
QP069014,2408.0,2016.0,-16.279069767441857
QP069015,21966.0,22294.0,1.4932167895838955
QP069016,5976.0,6196.0,3.6813922356091044
QP069017,1372.0,1244.0,-9.329446064139946
QP069018,20491.0,20917.0,2.07896149529061
QP069019,2241.0,2367.0,5.622489959839361
QP069020,2224.0,2281.0,2.5629496402877594
QP069021,917.0,1004.0,9.487459105779728
QP069022,5000.0,4480.0,-10.399999999999999
QP069023,2193.0,2332.0,6.338349293205647
QP069024,1712.0,1753.0,2.394859813084116
QP069025,2092.0,2098.0,0.2868068833651982
QP069026,2265.0,2225.0,-1.7660044150110354
QP069027,1605.0,1462.0,-8.909657320872277
QP069028,15721.0,15549.0,-1.0940779848610194
QP069029,1541.0,1345.0,-12.719013627514597
QP069030,1070.0,1179.0,10.186915887850457
QP069031,5773.0,6297.0,9.076736532132346
QP069032,1275.0,1149.0,-9.882352941176475
QP069033,1347.0,1275.0,-5.345211581291764
QP069034,1409.0,1521.0,7.948899929027675
QP069035,15236.0,15101.0,-0.8860593331583067
QP069036,2801.0,2834.0,1.1781506604783942
QP069037,7585.0,8311.0,9.571522742254457
QP069038,1965.0,1535.0,-21.882951653944016
QP069039,1689.0,1700.0,0.6512729425695696
QP069040,1035.0,991.0,-4.251207729468598
QP069041,1225.0,1174.0,-4.1632653061224545
QP069042,1987.0,1906.0,-4.076497232008047
QP069043,1350.0,1351.0,0.07407407407407085
QP070001,2971.0,2670.0,-10.13126893301919
QP070002,1378.0,1140.0,-17.271407837445572
QP070003,1210.0,936.0,-22.64462809917356
QP070004,1171.0,1218.0,4.013663535439793
QP070005,890.0,919.0,3.2584269662921272
QP071001,2994.0,2839.0,-5.177020708082836
QP071002,1109.0,924.0,-16.681695220919746
QP071003,5955.0,6261.0,5.138539042821155
QP071004,1904.0,1894.0,-0.5252100840336116
QP071005,2376.0,2217.0,-6.691919191919194
QP071006,2057.0,1986.0,-3.4516285853184225
QP071007,1382.0,1756.0,27.062228654124464
QP071008,1265.0,1233.0,-2.5296442687747
QP071009,1323.0,1116.0,-15.646258503401356
QP071010,1029.0,1082.0,5.150631681243922
QP071011,1509.0,1254.0,-16.898608349900602
QP071012,1059.0,968.0,-8.593012275731827
QP071013,1256.0,1125.0,-10.429936305732479
QP072001,1323.0,1271.0,-3.9304610733182144
QP072002,5407.0,5494.0,1.609025337525427
QP072003,4264.0,4185.0,-1.852720450281431
QP072004,6000.0,6112.0,1.866666666666661
QP072005,9714.0,10229.0,5.301626518427005
QP072006,880.0,931.0,5.795454545454537
QP072007,1202.0,1098.0,-8.652246256239604
QP073001,3578.0,3631.0,1.48127445500279
QP073002,6270.0,6465.0,3.1100478468899517
QP073003,1163.0,1147.0,-1.3757523645743786
QP073004,1170.0,1199.0,2.47863247863247
QP074001,3726.0,3323.0,-10.81588835212024
QP074002,1635.0,1374.0,-15.963302752293574
QP074003,1168.0,1104.0,-5.47945205479452
QP074004,1628.0,1305.0,-19.84029484029484
QP074005,1097.0,1806.0,64.63081130355515
QP074006,2245.0,2035.0,-9.35412026726058
QP075001,2127.0,2145.0,0.8462623413258097
QP075002,2119.0,2021.0,-4.624823029731006
QP075003,2431.0,2365.0,-2.714932126696834
QP075004,2371.0,1990.0,-16.069169126950655
QP075005,781.0,530.0,-32.138284250960304
QP075006,1504.0,1340.0,-10.904255319148938
QP075007,3697.0,3020.0,-18.312144982418175
QP075008,3664.0,3321.0,-9.361353711790388
QP075009,2346.0,2260.0,-3.6658141517476595
QP075010,14152.0,14991.0,5.928490672696429
QP075011,7447.0,7711.0,3.5450516986706093
QP075012,13232.0,12251.0,-7.413845223700122
QP075013,5120.0,4708.0,-8.046874999999998
QP075014,14197.0,13888.0,-2.1765161653870546
QP075015,13253.0,13650.0,2.995548177771079
QP075016,7799.0,8337.0,6.8983202974740365
QP075017,1369.0,1113.0,-18.699780861943026
QP075018,1146.0,1508.0,31.588132635253064
QP075019,19541.0,19276.0,-1.3561230233867239
QP075020,28021.0,26556.0,-5.228221690874701
QP076001,1020.0,1228.0,20.392156862745093
QP076002,3241.0,3027.0,-6.602900339401419
QP076003,1809.0,1682.0,-7.020453289110007
QP076004,1998.0,1936.0,-3.1031031031031
QP076005,9038.0,9512.0,5.2445231245850765
QP076006,9221.0,8828.0,-4.262010627914547
QP076007,1915.0,2021.0,5.5352480417754535
QP076008,1841.0,1458.0,-20.803910917979362
QP076009,2628.0,2545.0,-3.158295281582957
QP076010,16493.0,16242.0,-1.5218577578366532
QP076011,5089.0,5444.0,6.975830222047552
QP076012,2749.0,2539.0,-7.639141506002178
QP076013,1883.0,1966.0,4.40785979819438
QP076014,6573.0,5943.0,-9.584664536741217
QP076015,1063.0,964.0,-9.313264346190032
QP076016,1099.0,1041.0,-5.2775250227479535
QP076017,1407.0,1353.0,-3.8379530916844318
QP076018,1247.0,944.0,-24.29831595829992
QP076019,1880.0,1863.0,-0.9042553191489389
QP076020,3003.0,2778.0,-7.492507492507494
QP076021,1981.0,1822.0,-8.026249369005555
QP076022,10314.0,10454.0,1.357378320729108
QP076023,4779.0,4832.0,1.109018623142921
QP076024,1140.0,880.0,-22.807017543859654
QP076025,1333.0,1603.0,20.255063765941483
QP076026,2241.0,2144.0,-4.328424810352516
QP076027,747.0,931.0,24.631860776439083
QP076028,2912.0,2518.0,-13.530219780219777
QP077001,1818.0,1805.0,-0.7150715071507108
QP077002,1803.0,2165.0,20.07764836383805
QP077003,996.0,844.0,-15.261044176706829
QP077004,1689.0,1665.0,-1.4209591474245165
QP077005,3238.0,3472.0,7.226683137739354
QP077006,2677.0,2557.0,-4.482629809488237
QP077007,3848.0,3918.0,1.819126819126815
QP077008,8064.0,8393.0,4.079861111111116
QP077009,6217.0,6858.0,10.310439118545922
QP077010,8590.0,8337.0,-2.945285215366711
QP077011,2752.0,2516.0,-8.575581395348841
QP077012,5283.0,5139.0,-2.7257240204429323
QP077013,14683.0,12785.0,-12.926513655247563
QP077014,5824.0,6885.0,18.217719780219777
QP077015,1617.0,1583.0,-2.1026592455163917
QP077016,1203.0,1126.0,-6.400665004156281
QP077017,2944.0,2858.0,-2.9211956521739135
QP077018,2034.0,2016.0,-0.8849557522123908
QP077019,2789.0,2967.0,6.382215847974182
QP077020,3056.0,3245.0,6.1845549738219985
QP077021,2015.0,1603.0,-20.44665012406948
QP077022,3867.0,3753.0,-2.948021722265326
QP077023,3033.0,3131.0,3.2311242993735556
QP077024,1022.0,1137.0,11.252446183953024
QP078001,21352.0,19940.0,-6.6129636568002965
QP078002,2515.0,2534.0,0.7554671968190929
QP078003,1194.0,1176.0,-1.5075376884422065
QP078004,2985.0,3104.0,3.986599664991619
QP078005,3257.0,3160.0,-2.978200798280628
QP078006,17281.0,17726.0,2.575082460505751
QP078007,2136.0,2420.0,13.295880149812733
QP078008,3918.0,4258.0,8.677896886166403
QP078009,1606.0,1643.0,2.3038605230386144
QP078010,2892.0,2510.0,-13.208852005532501
QP078011,5723.0,5772.0,0.8561943036868858
QP078012,2472.0,2482.0,0.4045307443365731
QP078013,3503.0,3720.0,6.194690265486735
QP078014,1906.0,1625.0,-14.74291710388248
QP078015,8697.0,8735.0,0.43693227549730373
QP078016,710.0,665.0,-6.338028169014088
QP078017,3279.0,3180.0,-3.019213174748403
QP078018,1646.0,1647.0,0.060753341433783525
QP078019,5594.0,5685.0,1.6267429388630683
QP078020,1750.0,1844.0,5.37142857142856
QP078021,10629.0,10434.0,-1.8346034434095437
QP078022,1940.0,2297.0,18.402061855670105
QP079001,2791.0,2766.0,-0.8957362952346837
QP079002,1320.0,1480.0,12.12121212121211
QP079003,1731.0,1862.0,7.567879838243785
QP079004,978.0,980.0,0.2044989775051187
QP079005,1067.0,1173.0,9.934395501405803
QP080001,7061.0,7101.0,0.5664919983005223
QP080002,2492.0,2520.0,1.1235955056179803
QP080003,15846.0,14910.0,-5.90685346459674
QP080004,1199.0,1198.0,-0.08340283569641116
QP080005,2879.0,2659.0,-7.641542202153529
QP080006,1823.0,1891.0,3.730115194733963
QP080007,1957.0,1874.0,-4.241185487991828
QP080008,3664.0,3304.0,-9.825327510917026
QP080009,1071.0,985.0,-8.029878618113917
QP081001,1283.0,1102.0,-14.10756040530008
QP081002,1254.0,966.0,-22.966507177033492
QP081003,1298.0,1507.0,16.10169491525424
QP081004,2116.0,2275.0,7.514177693761814
QP081005,1649.0,1785.0,8.247422680412363
QP081006,2106.0,2083.0,-1.0921177587844277
QP081007,1782.0,1804.0,1.2345679012345734
QP081008,1244.0,1303.0,4.7427652733119
QP081009,1877.0,1776.0,-5.380927011188064
QP081010,1173.0,1279.0,9.036658141517485
QP081011,2701.0,3082.0,14.105886708626425
QP082001,3551.0,3590.0,1.098282174035492
QP082002,3802.0,4152.0,9.2056812204103
QP082003,2470.0,2713.0,9.838056680161934
QP082004,1202.0,1290.0,7.321131447587348
QP083001,947.0,984.0,3.9070749736008548
QP083002,4408.0,3894.0,-11.66061705989111
QP083003,2524.0,2572.0,1.9017432646592614
QP083004,1541.0,1323.0,-14.146658014276447
QP083005,1467.0,1363.0,-7.089297886843903
QP083006,2034.0,2022.0,-0.5899705014749235
QP083007,2361.0,2100.0,-11.054637865311312
QP083008,9334.0,9117.0,-2.3248339404328244
QP083009,3080.0,2867.0,-6.915584415584419
QP083010,4016.0,4154.0,3.4362549800796893
QP083011,2109.0,2286.0,8.39260312944523
QP083012,1301.0,1099.0,-15.526518063028439
QP083013,3015.0,3552.0,17.81094527363185
QP083014,1135.0,1204.0,6.079295154185016
QP083015,1850.0,2101.0,13.567567567567561
QP083016,8632.0,9401.0,8.908711770157552
QP083017,1811.0,1812.0,0.0552181115405892
QP083018,2786.0,2486.0,-10.768126346015794
QP083019,1823.0,1558.0,-14.53647833241909
QP083020,2002.0,2254.0,12.587412587412583
QP083021,1647.0,1648.0,0.06071645415908211
QP084001,1590.0,1390.0,-12.578616352201255
QP084002,17186.0,18006.0,4.771325497497969
QP084003,4612.0,5164.0,11.968777103209028
QP084004,2813.0,2917.0,3.6971205119090023
QP084005,741.0,775.0,4.5883940620782715
QP084006,2962.0,2641.0,-10.83727211343687
QP084007,1642.0,1916.0,16.686967113276484
QP084008,2990.0,2665.0,-10.869565217391308
QP084009,1871.0,2185.0,16.782469267771248
QP084010,1142.0,1152.0,0.8756567425569184
QP084011,1412.0,1380.0,-2.2662889518413554
QP084012,4362.0,4384.0,0.5043558000916937
QP084013,1130.0,1209.0,6.991150442477867
QP084014,1434.0,1565.0,9.135285913528591
QP084015,1248.0,1128.0,-9.615384615384615
QP084016,1536.0,1453.0,-5.4036458333333375
QP084017,3307.0,3125.0,-5.503477472029028
QP084018,1140.0,1044.0,-8.421052631578952
QP084019,1783.0,1705.0,-4.374649467190128
QP084020,5069.0,4748.0,-6.332609982245019
QP084021,1100.0,1222.0,11.090909090909085
QP084022,2449.0,2290.0,-6.4924458962841936
QP085001,2545.0,2779.0,9.194499017681723
QP085002,1167.0,1331.0,14.053127677806332
QP085003,1463.0,1721.0,17.634996582365005
QP085004,1634.0,1471.0,-9.975520195838438
QP086001,4270.0,4175.0,-2.2248243559718994
QP086002,2599.0,2659.0,2.3085802231627595
QP086003,1157.0,1302.0,12.532411408815914
QP086004,4149.0,3686.0,-11.159315497710287
QP086005,9120.0,9497.0,4.133771929824559
QP086006,1934.0,1790.0,-7.445708376421923
QP087001,1261.0,1049.0,-16.812053925455984
QP087002,3699.0,2884.0,-22.032981886996485
QP087003,1516.0,1478.0,-2.506596306068598
QP087004,5640.0,5567.0,-1.2943262411347467
QP087005,4008.0,4622.0,15.31936127744511
QP087006,3949.0,4008.0,1.4940491263611078
QP087007,1679.0,1892.0,12.686122692078627
QP087008,2328.0,2261.0,-2.8780068728522346
QP087009,1434.0,1382.0,-3.6262203626220346
QP088001,1248.0,1343.0,7.612179487179493
QP088002,3712.0,3639.0,-1.96659482758621
QP088003,1165.0,1153.0,-1.030042918454932
QP088004,1336.0,1202.0,-10.029940119760482
QP088005,2949.0,2665.0,-9.630383180739233
QP088006,2686.0,2664.0,-0.8190618019359608
QP089001,1663.0,1791.0,7.696933253156946
QP089002,3602.0,3544.0,-1.6102165463631302
QP089003,1011.0,914.0,-9.594460929772497
QP089004,970.0,1133.0,16.804123711340214
QP089005,2060.0,2198.0,6.699029126213585
QP089006,5636.0,5572.0,-1.1355571327182346
QP089007,1245.0,1059.0,-14.939759036144572
QP090001,1655.0,1255.0,-24.16918429003021
QP090002,2430.0,1926.0,-20.740740740740737
QP090003,1900.0,1755.0,-7.631578947368423
QP090004,10048.0,8762.0,-12.798566878980889
QP090005,1107.0,1101.0,-0.5420054200542035
QP091001,916.0,1112.0,21.39737991266375
QP091002,5662.0,5582.0,-1.412928293889082
QP091003,6134.0,7068.0,15.226605803716996
QP091004,1478.0,1671.0,13.058186738836275
QP091005,1072.0,1211.0,12.96641791044777
QP091006,5402.0,5457.0,1.0181414291003277
QP091007,1460.0,1527.0,4.5890410958904
QP091008,1087.0,1364.0,25.48298068077277
QP091009,1211.0,1204.0,-0.5780346820809301
QP091010,6059.0,5432.0,-10.34824228420531
QP091011,2722.0,2502.0,-8.082292432035265
QP091012,6575.0,6590.0,0.22813688212928174
QP091013,1523.0,1385.0,-9.061063690085359
QP091014,2573.0,2248.0,-12.631169840652934
QP091015,2681.0,2332.0,-13.017530772099962
QP091016,5182.0,4890.0,-5.634890003859516
QP091017,12722.0,12854.0,1.0375727086936015
QP091018,2713.0,2757.0,1.621820862513812
QP091019,3286.0,3265.0,-0.6390748630553889
QP091020,1568.0,1288.0,-17.85714285714286
QP091021,2272.0,2189.0,-3.653169014084512
QP091022,1641.0,2019.0,23.03473491773309
QP091023,2401.0,2475.0,3.082049146189081
QP091024,1459.0,1428.0,-2.124742974640159
QP091025,5166.0,5435.0,5.207123499806432
QP091026,16369.0,16459.0,0.5498197812939143
QP091027,13198.0,13337.0,1.0531898772541348
QP091028,3820.0,4573.0,19.712041884816745
QP091029,1370.0,1274.0,-7.0072992700729975
QP091030,4670.0,4413.0,-5.503211991434687
QP091031,2957.0,2773.0,-6.222522827189724
QP091032,2562.0,2694.0,5.152224824355978
QP091033,5299.0,5614.0,5.944517833553498
QP091034,3277.0,3433.0,4.760451632590779
QP091035,904.0,907.0,0.33185840707965486
QP091036,1495.0,1417.0,-5.21739130434783
QP091037,2599.0,2472.0,-4.886494805694497
QP091038,1587.0,1629.0,2.6465028355387554
QP091039,3726.0,3586.0,-3.7573805689747664
QP092001,2525.0,2915.0,15.445544554455438
QP092002,1692.0,1409.0,-16.725768321513
QP092003,3344.0,3165.0,-5.352870813397126
QP092004,3647.0,3660.0,0.35645736221552315
QP092005,5660.0,5481.0,-3.1625441696113032
QP092006,5156.0,5020.0,-2.637703646237388
QP092007,13535.0,12999.0,-3.9601034355374987
QP092008,1789.0,1728.0,-3.409726103968702
QP092009,1886.0,3305.0,75.23860021208908
QP092010,4438.0,3944.0,-11.131140153222175
QP092011,6512.0,6451.0,-0.936732186732192
QP092012,6872.0,7227.0,5.165890570430731
QP092013,8688.0,8809.0,1.3927255985267006
QP092014,2881.0,3260.0,13.155154460256856
QP092015,8217.0,8968.0,9.139588657660958
QP092016,6924.0,6892.0,-0.46216060080878085
QP092017,2564.0,2181.0,-14.937597503900157
QP092018,2422.0,2418.0,-0.16515276630884035
QP092019,11729.0,10783.0,-8.06547872793929
QP092020,1557.0,1460.0,-6.229929351316632
QP092021,1100.0,1076.0,-2.1818181818181848
QP093001,1687.0,1632.0,-3.2602252519264963
QP093002,2282.0,2381.0,4.338299737072737
QP093003,29428.0,26350.0,-10.459426396629057
QP093004,3590.0,3701.0,3.091922005571024
QP093005,3962.0,5074.0,28.066633013629485
QP093006,1143.0,1357.0,18.722659667541564
QP093007,3949.0,4034.0,2.1524436566219274
QP093008,2457.0,1861.0,-24.25722425722425
QP093009,15461.0,15566.0,0.6791281288403006
QP093010,8539.0,9523.0,11.523597610961467
QP093011,25853.0,28905.0,11.805206359029906
QP093012,3766.0,4094.0,8.709506107275633
QP093013,3829.0,3814.0,-0.39174719247845324
QP093014,29831.0,29817.0,-0.046931044886189266
QP093015,7148.0,7375.0,3.175713486289866
QP093016,3734.0,3440.0,-7.873594001071238
QP093017,3455.0,3258.0,-5.701881331403758
QP093018,13389.0,13862.0,3.532750765553816
QP093019,3768.0,3581.0,-4.9628450106157125
QP093020,3231.0,2973.0,-7.9851439182915485
QP093021,5049.0,6098.0,20.776391364626654
QP093022,1897.0,2047.0,7.9072219293621515
QP093023,6185.0,6772.0,9.490703314470483
QP093024,9327.0,11060.0,18.580465315749972
QP093025,2001.0,2434.0,21.63918040979511
QP093026,2223.0,2485.0,11.78587494376968
QP093027,1827.0,1868.0,2.244116037219479
QP093028,114891.0,126034.0,9.698757953190418
QP093029,7306.0,7083.0,-3.0522857924993207
QP093030,10654.0,10808.0,1.4454664914586024
QP093031,11390.0,10160.0,-10.798946444249346
QP093032,1450.0,1457.0,0.4827586206896495
QP093033,2636.0,2906.0,10.242792109256449
QP093034,1484.0,1484.0,0.0
QP093035,9998.0,10761.0,7.631526305261049
QP093036,2093.0,1968.0,-5.97228858098423
QP093037,4498.0,4901.0,8.959537572254339
QP093038,2196.0,1675.0,-23.724954462659376
QP093039,40243.0,40066.0,-0.43982804462887604
QP093040,7367.0,7772.0,5.4974888014116985
QP093041,2207.0,2614.0,18.44132306298143
QP093042,7024.0,7143.0,1.694191343963558
QP093043,9607.0,9852.0,2.5502237951493756
QP093044,2021.0,2228.0,10.242454230578923
QP093045,8351.0,7648.0,-8.418153514549154
QP093046,3065.0,2884.0,-5.905383360522021
QP093047,3638.0,3339.0,-8.218801539307307
QP093048,18454.0,18434.0,-0.10837758751490734
QP093049,9250.0,9773.0,5.6540540540540585
QP093050,5689.0,5722.0,0.5800667955703886
QP093051,6901.0,7063.0,2.34748587161282
QP093052,9587.0,10156.0,5.935120475644107
QP093053,7297.0,7244.0,-0.7263258873509648
QP093054,45563.0,45207.0,-0.7813357329412018
QP093055,16093.0,16751.0,4.088734232274893
QP093056,4760.0,4586.0,-3.6554621848739477
QP093057,1785.0,1821.0,2.0168067226890685
QP093058,7157.0,7001.0,-2.1796842252340354
QP093059,1733.0,1598.0,-7.789959607616847
QP093060,7376.0,7441.0,0.8812364425162755
QP093061,3976.0,3943.0,-0.8299798792756552
QP093062,3641.0,3635.0,-0.1647898928865743
QP093063,1662.0,2063.0,24.12755716004813
QP094001,1382.0,1667.0,20.622286541244584
QP094002,1708.0,1871.0,9.54332552693209
QP094003,5301.0,5024.0,-5.2254291643086255
QP094004,3346.0,3082.0,-7.890017931858939
QP094005,7138.0,7081.0,-0.7985430092462886
QP094006,1149.0,1168.0,1.653611836379465
QP094007,1032.0,1824.0,76.74418604651163
QP094008,2758.0,2926.0,6.091370558375631
QP094009,5079.0,5398.0,6.2807639299074625
QP094010,1620.0,1947.0,20.185185185185194
QP094011,1065.0,1229.0,15.399061032863859
QP094012,3680.0,3734.0,1.4673913043478315
QP094013,11009.0,10795.0,-1.943864111181759
QP094014,1999.0,3283.0,64.232116058029
QP094015,1979.0,2066.0,4.396159676604339
QP094016,2390.0,3364.0,40.7531380753138
QP094017,1716.0,1682.0,-1.9813519813519864
QP094018,1491.0,1201.0,-19.45003353454058
QP094019,867.0,1004.0,15.801614763552486
QP094020,1207.0,952.0,-21.126760563380287
QP094021,3066.0,2669.0,-12.948467058056101
QP094022,1979.0,2008.0,1.4653865588681203
QP094023,1475.0,1407.0,-4.610169491525429
QP094024,4001.0,3969.0,-0.799800049987498
QP094025,479.0,510.0,6.471816283924836
QP094026,4838.0,5072.0,4.836709384042992
QP094027,12303.0,11914.0,-3.1618304478582493
QP094028,1890.0,1839.0,-2.6984126984127
QP094029,1563.0,1234.0,-21.049264235444653
QP094030,2378.0,2351.0,-1.1354079058031985
QP094031,7181.0,7187.0,0.08355382258737887
QP094032,2655.0,2674.0,0.7156308851224091
QP094033,1577.0,1735.0,10.019023462270127
QP094034,2425.0,2390.0,-1.4432989690721598
QP094035,10107.0,10267.0,1.5830612446819048
QP094036,2317.0,2498.0,7.811825636599057
QP094037,3041.0,3620.0,19.03978954291352
QP094038,7065.0,7422.0,5.0530785562632685
QP094039,1914.0,2026.0,5.851619644723094
QP094040,1683.0,1746.0,3.743315508021383
QP094041,5794.0,5672.0,-2.105626510182945
QP094042,2259.0,1908.0,-15.537848605577686
QP095001,1477.0,1482.0,0.3385240352064889
QP095002,765.0,826.0,7.973856209150321
QP095003,1732.0,2123.0,22.57505773672055
QP095004,2175.0,2541.0,16.827586206896548
QP095005,14127.0,13729.0,-2.8173002052806706
QP095006,9258.0,9709.0,4.871462518902581
QP095007,1240.0,1588.0,28.06451612903227
QP095008,2763.0,2906.0,5.175533840028956
QP095009,4448.0,4539.0,2.0458633093525247
QP095010,1486.0,1313.0,-11.64199192462988
QP095011,9076.0,9630.0,6.104010577346841
QP095012,1147.0,1347.0,17.43679163034002
QP095013,1740.0,1828.0,5.057471264367819
QP095014,2107.0,1800.0,-14.570479354532505
QP095015,3211.0,3156.0,-1.7128620367486747
QP095016,2408.0,2276.0,-5.481727574750828
QP095017,3136.0,3014.0,-3.890306122448983
QP095018,1099.0,1027.0,-6.551410373066425
QP095019,1489.0,1488.0,-0.0671591672263272
QP095020,1420.0,1321.0,-6.971830985915495
QP095021,2468.0,2641.0,7.009724473257695
QP095022,1079.0,1202.0,11.399443929564402
QP095023,1687.0,1752.0,3.8529934795495047
QP095024,1151.0,1238.0,7.558644656820146
QP095025,2962.0,3487.0,17.72451046590142
QP095026,1339.0,1393.0,4.032860343539957
QP095027,4726.0,4972.0,5.205247566652571
QP095028,1016.0,1060.0,4.330708661417315
QP095029,1055.0,1172.0,11.090047393364921
QP095030,1976.0,1858.0,-5.971659919028339
QP095031,8210.0,8413.0,2.472594397076744
QP095032,30892.0,30757.0,-0.43700634468470945
QP095033,35912.0,36637.0,2.0188237914903207
QP095034,15243.0,15382.0,0.9118939841238571
QP095035,1036.0,1062.0,2.5096525096525157
QP095036,4267.0,4438.0,4.007499414108273
QP095037,2802.0,2762.0,-1.4275517487508882
QP095038,15355.0,16527.0,7.6326929338977445
QP095039,2479.0,2525.0,1.8555869302137928
QP095040,3131.0,3351.0,7.02650910252316
QP095041,2681.0,2754.0,2.7228646027601666
QP971001,4138.0,3674.0,-11.213146447559208
QP971002,4407.0,4041.0,-8.304969366916271
QP971003,11037.0,9871.0,-10.564464981426113
QP971004,2681.0,2084.0,-22.26781051846326
QP971005,4955.0,4193.0,-15.378405650857719
QP971006,3119.0,3090.0,-0.9297851875601171
QP971007,1951.0,1639.0,-15.991799077396207
QP971008,3739.0,3236.0,-13.452794864937145
QP971009,2969.0,3023.0,1.8187942068036422
QP971010,1806.0,1495.0,-17.220376522702107
QP971011,1716.0,1460.0,-14.918414918414925
QP971012,2546.0,2804.0,10.133542812254515
QP971013,1547.0,1431.0,-7.4983839689722
QP971014,5373.0,5144.0,-4.262050995719335
QP971015,4197.0,3811.0,-9.19704550869669
QP971016,2737.0,2550.0,-6.8322981366459645
QP972001,12062.0,10367.0,-14.052395954236442
QP972002,4721.0,4072.0,-13.747087481465792
QP972003,3276.0,2624.0,-19.9023199023199
QP972004,2237.0,2226.0,-0.49172999552973273
QP972005,1840.0,1754.0,-4.673913043478262
QP972006,1748.0,2031.0,16.189931350114417
QP972007,1432.0,1227.0,-14.315642458100564
QP973001,1699.0,1941.0,14.243672748675685
QP973002,1850.0,2211.0,19.513513513513516
QP973003,1288.0,1721.0,33.618012422360245
QP973004,3497.0,4208.0,20.33171289676865
QP973005,2661.0,2825.0,6.163096580232996
QP973006,1055.0,1140.0,8.056872037914697
QP973007,1789.0,1693.0,-5.366126327557296
QP973008,3005.0,3382.0,12.545757071547413
QP973009,1919.0,3195.0,66.49296508598228
QP973010,1106.0,960.0,-13.200723327305608
QP973011,5681.0,7497.0,31.96620313325118
QP973012,2061.0,2335.0,13.294517224648228
QP973013,2401.0,2796.0,16.451478550603916
QP973014,4104.0,3784.0,-7.797270955165692
QP973015,2485.0,2235.0,-10.060362173038229
QP973016,8286.0,6951.0,-16.111513396089794
QP973017,3689.0,6465.0,75.25074545947412
QP973018,3054.0,4236.0,38.7033398821218
QP973019,2316.0,2067.0,-10.75129533678757
QP973020,2796.0,3424.0,22.460658082975684
QP973021,9146.0,11768.0,28.668270282090536
QP973022,1635.0,1621.0,-0.8562691131498434
QP973023,2959.0,2649.0,-10.476512335248401
QP973024,538.0,814.0,51.3011152416357
QP973025,1442.0,1711.0,18.65464632454923
QP973026,678.0,1437.0,111.94690265486726
QP973027,4730.0,4148.0,-12.304439746300211
QP973028,3111.0,3125.0,0.4500160720025681
QP973029,4711.0,6092.0,29.314370621948637
QP973030,9155.0,14205.0,55.1611141452758
QP973031,3740.0,4714.0,26.04278074866311
QP973032,5815.0,6193.0,6.500429922613926
QP974001,2996.0,2789.0,-6.909212283044064
QP974002,8732.0,8728.0,-0.04580852038479355
QP974003,1467.0,1368.0,-6.748466257668717
QP974004,3534.0,3214.0,-9.054895302773058
QP974005,2137.0,2179.0,1.9653720168460564
QP974006,2832.0,2645.0,-6.603107344632764
QP974007,2053.0,1904.0,-7.257671699951295
QP974008,1131.0,1101.0,-2.652519893899208
QP974009,2364.0,2536.0,7.275803722504226
QP974010,2990.0,2723.0,-8.929765886287623
QP974011,3796.0,4670.0,23.024236037934664
QP974012,6106.0,5718.0,-6.354405502784144
QP974013,3002.0,3179.0,5.896069287141903
QP974014,1290.0,1252.0,-2.9457364341085257
QP974015,2192.0,2001.0,-8.713503649635035
QP974016,1983.0,2414.0,21.734745335350468
QP974017,4511.0,4411.0,-2.2168033695411204
QP974018,23426.0,20845.0,-11.017672671390766
QP974019,1006.0,946.0,-5.964214711729621
QP974020,2042.0,1796.0,-12.04701273261508
QP974021,6171.0,5589.0,-9.431210500729215
QP974022,4534.0,5072.0,11.865902073224532
QP974023,1214.0,1037.0,-14.579901153212516
QP974024,1324.0,1253.0,-5.36253776435045
QP974025,11491.0,10699.0,-6.892350535201464
QP974026,1221.0,1402.0,14.82391482391483
QP974027,2899.0,2503.0,-13.659882718178684
QP974028,789.0,1048.0,32.82636248415716
QP974029,1700.0,1549.0,-8.882352941176475
QP974030,1263.0,1322.0,4.6714172604908955
QP974031,2337.0,1881.0,-19.512195121951216
QP974032,18444.0,19311.0,4.700715679895895
QP974033,1926.0,1898.0,-1.4537902388369717
QP974034,993.0,998.0,0.5035246727089548
QP974035,1442.0,1518.0,5.270457697642161
QP974036,4415.0,4435.0,0.45300113250283935
QP974037,2005.0,1769.0,-11.770573566084785
QP974038,1363.0,1211.0,-11.151870873074099
QP974039,1496.0,1642.0,9.75935828877006
QP974040,2419.0,2224.0,-8.061182306738324
QP974041,1174.0,1059.0,-9.795570698466783
QP974042,1547.0,1384.0,-10.53652230122818
QP974043,2151.0,1958.0,-8.972570897257093
QP974044,1168.0,1064.0,-8.904109589041099
QP974045,1998.0,2363.0,18.268268268268262
QP974046,1411.0,1275.0,-9.638554216867467
QP974047,2349.0,2367.0,0.766283524904221
QP974048,1798.0,2214.0,23.13681868743047
QP974049,895.0,848.0,-5.251396648044693
QP976001,3319.0,3613.0,8.858089786080136
QP976002,1379.0,1529.0,10.877447425670784
QP976003,3673.0,5728.0,55.948815682003804
QP976004,2380.0,2833.0,19.03361344537815
QP976005,1304.0,1891.0,45.01533742331287
QP976006,3233.0,4068.0,25.827404887101757
QP976007,1616.0,1907.0,18.007425742574256
QP976008,1160.0,1627.0,40.258620689655174
QP976009,2475.0,2141.0,-13.494949494949493
QP976010,5775.0,6721.0,16.380952380952387
QP976011,3336.0,3646.0,9.292565947242215
QP976012,1609.0,1641.0,1.9888129272840338
QP976013,3070.0,3958.0,28.925081433224765
QP976014,2355.0,3656.0,55.24416135881105
QP976015,2067.0,2920.0,41.267537493952574
QP976016,1224.0,1955.0,59.72222222222223
QP976017,2970.0,4145.0,39.56228956228956
QP976018,1882.0,2309.0,22.688629117959614
QP976019,784.0,751.0,-4.2091836734693855
QP976020,9130.0,10436.0,14.304490690032857
QP976021,7727.0,8954.0,15.879383978258055
QP976022,3783.0,3617.0,-4.388051810732218
QP976023,12127.0,14944.0,23.22915807701822
QP976024,22664.0,28285.0,24.80144722908577
QP976025,3323.0,3269.0,-1.625037616611491
QP976026,2596.0,2538.0,-2.234206471494604
QP976027,3994.0,4269.0,6.885327991987977
QP976028,1921.0,1626.0,-15.356585111920873
QP976029,3729.0,3095.0,-17.00187717886833
QP976030,2295.0,2968.0,29.324618736383435
QP976031,3295.0,3662.0,11.138088012139601
QP976032,2250.0,3082.0,36.977777777777774
QP976033,8798.0,9260.0,5.251193453057512
QP976034,5168.0,7470.0,44.543343653250766
QP976035,2527.0,3244.0,28.373565492679063
QP976036,2643.0,3043.0,15.134317063942483
QP978001,6682.0,6445.0,-3.5468422627955687
QP978002,3217.0,3126.0,-2.8287224121852694
QP987001,221.0,227.0,2.714932126696823
QP987002,1166.0,1127.0,-3.344768439108059
QP987003,252.0,250.0,-0.7936507936507908
QP987004,214.0,200.0,-6.542056074766355
QP987005,789.0,776.0,-1.6476552598225558
QP987006,1010.0,1039.0,2.871287128712874
QP987007,801.0,775.0,-3.2459425717852652
QP987008,1284.0,1550.0,20.716510903426787
QP987009,401.0,339.0,-15.461346633416461
QP987010,474.0,449.0,-5.27426160337553
QP987011,2025.0,2001.0,-1.1851851851851891
QP987012,377.0,401.0,6.366047745358094
QP987013,827.0,852.0,3.022974607013307
QP987014,292.0,327.0,11.986301369863007
QP987015,1647.0,1630.0,-1.032179720704307
QP987016,830.0,734.0,-11.566265060240966
QP987017,2770.0,2754.0,-0.5776173285198527
QP987018,249.0,300.0,20.481927710843383
QP987019,788.0,677.0,-14.08629441624365
QP987020,1212.0,1126.0,-7.095709570957098
QP987021,2290.0,2274.0,-0.6986899563318771
QP987022,213.0,250.0,17.37089201877935
QP987023,176.0,176.0,0.0
QP987024,898.0,881.0,-1.8930957683741645
QP987025,1387.0,1441.0,3.893294881038223
QP987026,539.0,609.0,12.987012987012992
QP987027,328.0,357.0,8.841463414634143
QP987028,388.0,365.0,-5.927835051546393
QP987029,433.0,514.0,18.706697459584287
QP987030,941.0,927.0,-1.4877789585547307
QP987031,309.0,360.0,16.50485436893203
QP987032,499.0,486.0,-2.605210420841686
QP987033,116.0,114.0,-1.7241379310344862
QP987034,995.0,965.0,-3.015075376884424
QP987035,327.0,319.0,-2.4464831804281384
QP987036,662.0,680.0,2.7190332326284095
QP987037,2280.0,2387.0,4.69298245614036
QP987038,1216.0,1157.0,-4.851973684210531
QP987039,1631.0,1838.0,12.691600245248313
QP987040,268.0,259.0,-3.3582089552238847
QP987041,142.0,146.0,2.8169014084507005
QP987042,946.0,938.0,-0.8456659619450302
QP987043,1021.0,1086.0,6.36630754162586
QP987044,494.0,558.0,12.955465587044523
QP987045,1387.0,1441.0,3.893294881038223
QP987046,2125.0,2274.0,7.011764705882362
QP987047,1249.0,1188.0,-4.88390712570056
QP987048,1181.0,1190.0,0.7620660457239525
QP987049,260.0,312.0,19.999999999999996
QP987050,731.0,746.0,2.0519835841313228
QP987051,493.0,544.0,10.344827586206895
QP987052,1103.0,1032.0,-6.4369900271985525
QP987053,313.0,314.0,0.31948881789136685
QP987054,368.0,438.0,19.02173913043479
QP987055,2029.0,1984.0,-2.2178413011335607
QP987056,774.0,740.0,-4.392764857881137
QP987057,1544.0,1551.0,0.45336787564767
QP987058,2510.0,2584.0,2.948207171314743
QP987059,2232.0,1951.0,-12.589605734767028
QP987060,3016.0,2997.0,-0.6299734748010599
QP987061,424.0,491.0,15.801886792452823
QP987062,1405.0,1378.0,-1.9217081850533835
QP987063,746.0,721.0,-3.351206434316356
QP987064,555.0,474.0,-14.59459459459459
QP987065,1972.0,1902.0,-3.549695740365111
QP987066,1112.0,998.0,-10.251798561151082
QP987067,1641.0,1440.0,-12.24862888482633
QP987068,542.0,572.0,5.535055350553497
QP987069,250.0,263.0,5.200000000000005
QP987070,1324.0,1136.0,-14.199395770392753
QP987071,95.0,90.0,-5.263157894736848
QP987072,811.0,459.0,-43.403205918618994
QP987073,376.0,450.0,19.680851063829795
QP987074,579.0,625.0,7.9447322970638945
QP987075,1076.0,736.0,-31.59851301115242
QP987076,1020.0,1036.0,1.5686274509803866
